{"cameraMode":{"drawMode":0,"name":"Shaded","section":"Shading Mode"},"sceneLighting":true,"audioPlay":false,"sceneViewState":{"showFog":false,"showMaterialUpdate":false,"showSkybox":false,"showFlares":false,"showImageEffects":false,"showParticleSystems":true},"in2DMode":false,"pivot":{"x":-0.15677857398986817,"y":0.7085508704185486,"z":0.018565773963928224},"rotation":{"x":-0.026790086179971696,"y":0.9199341535568237,"z":-0.06386253982782364,"w":-0.3859081566333771},"size":2.2578840255737306,"orthographic":false}