{"cameraMode":{"drawMode":0,"name":"Shaded","section":"Shading Mode"},"sceneLighting":true,"audioPlay":false,"sceneViewState":{"showFog":false,"showMaterialUpdate":false,"showSkybox":false,"showFlares":false,"showImageEffects":false,"showParticleSystems":true},"in2DMode":false,"pivot":{"x":-0.44237470626831057,"y":-0.39531779289245608,"z":-3.606560230255127},"rotation":{"x":-0.1686169058084488,"y":-0.7074846029281616,"z":0.18013142049312592,"w":-0.6622587442398071},"size":9.281271934509278,"orthographic":false}