{"cameraMode":{"drawMode":0,"name":"Shaded","section":"Shading Mode"},"sceneLighting":true,"audioPlay":false,"sceneViewState":{"showFog":false,"showMaterialUpdate":false,"showSkybox":false,"showFlares":false,"showImageEffects":false,"showParticleSystems":true},"in2DMode":false,"pivot":{"x":2.7742042541503908,"y":2.713981866836548,"z":-0.43479251861572268},"rotation":{"x":-0.0466630756855011,"y":-0.07425248622894287,"z":0.003478317754343152,"w":-0.9961410760879517},"size":6.449143409729004,"orthographic":false}